customer_id,customer_name,city,age,gender
1,Customer_1,Bengaluru,57,Female
2,Customer_2,Chennai,23,Female
3,Customer_3,Pune,21,Female
4,Customer_4,Hyderabad,35,Female
5,Customer_5,Bengaluru,51,Female
6,Customer_6,Chennai,53,Female
7,Customer_7,Kolkata,32,Female
8,Customer_8,Kolkata,57,Male
9,Customer_9,Ahmedabad,62,Female
10,Customer_10,Kolkata,41,Female
11,Customer_11,Mumbai,62,Male
12,Customer_12,Hyderabad,32,Male
13,Customer_13,Mumbai,42,Other
14,Customer_14,Mumbai,41,Male
15,Customer_15,Bengaluru,25,Other
16,Customer_16,Delhi,34,Other
17,Customer_17,Delhi,50,Other
18,Customer_18,Hyderabad,59,Other
19,Customer_19,Pune,58,Other
20,Customer_20,Mumbai,25,Female
21,Customer_21,Mumbai,40,Female
22,Customer_22,Ahmedabad,54,Other
23,Customer_23,Bengaluru,57,Female
24,Customer_24,Delhi,52,Male
25,Customer_25,Delhi,54,Other
26,Customer_26,Chennai,20,Male
27,Customer_27,Hyderabad,43,Other
28,Customer_28,Kolkata,31,Other
29,Customer_29,Delhi,26,Other
30,Customer_30,Kolkata,43,Female
31,Customer_31,Bengaluru,30,Other
32,Customer_32,Kolkata,49,Other
33,Customer_33,Mumbai,49,Female
34,Customer_34,Hyderabad,40,Other
35,Customer_35,Hyderabad,32,Other
36,Customer_36,Hyderabad,53,Male
37,Customer_37,Ahmedabad,24,Other
38,Customer_38,Delhi,39,Female
39,Customer_39,Pune,62,Female
40,Customer_40,Mumbai,23,Female
41,Customer_41,Chennai,28,Female
42,Customer_42,Kolkata,45,Male
43,Customer_43,Kolkata,50,Male
44,Customer_44,Mumbai,44,Female
45,Customer_45,Mumbai,30,Male
46,Customer_46,Delhi,56,Female
47,Customer_47,Ahmedabad,44,Male
48,Customer_48,Chennai,54,Male
49,Customer_49,Delhi,59,Other
50,Customer_50,Delhi,49,Male
51,Customer_51,Bengaluru,29,Female
52,Customer_52,Kolkata,19,Other
53,Customer_53,Mumbai,54,Male
54,Customer_54,Ahmedabad,34,Other
55,Customer_55,Mumbai,19,Female
56,Customer_56,Bengaluru,40,Male
57,Customer_57,Ahmedabad,50,Male
58,Customer_58,Delhi,19,Male
59,Customer_59,Bengaluru,43,Female
60,Customer_60,Ahmedabad,21,Other
61,Customer_61,Delhi,34,Other
62,Customer_62,Chennai,41,Male
63,Customer_63,Bengaluru,51,Female
64,Customer_64,Chennai,28,Other
65,Customer_65,Ahmedabad,33,Male
66,Customer_66,Mumbai,23,Male
67,Customer_67,Delhi,37,Other
68,Customer_68,Bengaluru,36,Female
69,Customer_69,Delhi,36,Other
70,Customer_70,Bengaluru,58,Male
71,Customer_71,Ahmedabad,56,Female
72,Customer_72,Ahmedabad,18,Other
73,Customer_73,Bengaluru,42,Female
74,Customer_74,Kolkata,48,Female
75,Customer_75,Pune,52,Other
76,Customer_76,Bengaluru,33,Female
77,Customer_77,Ahmedabad,19,Male
78,Customer_78,Ahmedabad,29,Male
79,Customer_79,Hyderabad,49,Other
80,Customer_80,Kolkata,26,Male
81,Customer_81,Delhi,36,Other
82,Customer_82,Bengaluru,41,Female
83,Customer_83,Ahmedabad,50,Other
84,Customer_84,Mumbai,25,Female
85,Customer_85,Ahmedabad,37,Female
86,Customer_86,Delhi,42,Other
87,Customer_87,Mumbai,46,Female
88,Customer_88,Ahmedabad,63,Female
89,Customer_89,Pune,52,Male
90,Customer_90,Mumbai,53,Male
91,Customer_91,Bengaluru,50,Female
92,Customer_92,Hyderabad,37,Other
93,Customer_93,Delhi,34,Male
94,Customer_94,Ahmedabad,29,Other
95,Customer_95,Delhi,39,Other
96,Customer_96,Chennai,63,Female
97,Customer_97,Chennai,55,Male
98,Customer_98,Delhi,25,Other
99,Customer_99,Delhi,51,Male
100,Customer_100,Chennai,50,Other
101,Customer_101,Ahmedabad,50,Male
102,Customer_102,Bengaluru,36,Other
103,Customer_103,Ahmedabad,34,Female
104,Customer_104,Hyderabad,63,Male
105,Customer_105,Chennai,52,Male
106,Customer_106,Hyderabad,41,Male
107,Customer_107,Mumbai,63,Male
108,Customer_108,Kolkata,52,Male
109,Customer_109,Bengaluru,38,Other
110,Customer_110,Mumbai,20,Female
111,Customer_111,Mumbai,59,Other
112,Customer_112,Chennai,20,Female
113,Customer_113,Ahmedabad,49,Other
114,Customer_114,Chennai,40,Female
115,Customer_115,Kolkata,44,Female
116,Customer_116,Pune,43,Male
117,Customer_117,Ahmedabad,50,Male
118,Customer_118,Delhi,56,Male
119,Customer_119,Pune,43,Other
120,Customer_120,Pune,42,Male
121,Customer_121,Bengaluru,24,Male
122,Customer_122,Bengaluru,62,Male
123,Customer_123,Ahmedabad,63,Female
124,Customer_124,Bengaluru,40,Other
125,Customer_125,Bengaluru,51,Female
126,Customer_126,Ahmedabad,40,Other
127,Customer_127,Chennai,42,Female
128,Customer_128,Kolkata,39,Female
129,Customer_129,Pune,39,Male
130,Customer_130,Bengaluru,59,Female
131,Customer_131,Kolkata,60,Male
132,Customer_132,Mumbai,25,Male
133,Customer_133,Bengaluru,61,Male
134,Customer_134,Kolkata,21,Female
135,Customer_135,Hyderabad,49,Female
136,Customer_136,Kolkata,52,Other
137,Customer_137,Ahmedabad,33,Male
138,Customer_138,Pune,59,Female
139,Customer_139,Delhi,34,Other
140,Customer_140,Delhi,45,Female
141,Customer_141,Kolkata,43,Male
142,Customer_142,Pune,40,Other
143,Customer_143,Mumbai,29,Male
144,Customer_144,Mumbai,18,Other
145,Customer_145,Pune,49,Female
146,Customer_146,Chennai,42,Male
147,Customer_147,Hyderabad,18,Male
148,Customer_148,Kolkata,22,Female
149,Customer_149,Hyderabad,20,Female
150,Customer_150,Ahmedabad,54,Female
151,Customer_151,Mumbai,46,Female
152,Customer_152,Bengaluru,22,Other
153,Customer_153,Mumbai,47,Female
154,Customer_154,Chennai,22,Female
155,Customer_155,Pune,38,Other
156,Customer_156,Bengaluru,50,Female
157,Customer_157,Chennai,54,Other
158,Customer_158,Pune,27,Female
159,Customer_159,Hyderabad,53,Female
160,Customer_160,Bengaluru,48,Female
161,Customer_161,Pune,36,Female
162,Customer_162,Ahmedabad,18,Male
163,Customer_163,Hyderabad,21,Other
164,Customer_164,Pune,45,Other
165,Customer_165,Bengaluru,41,Female
166,Customer_166,Delhi,50,Male
167,Customer_167,Hyderabad,60,Male
168,Customer_168,Bengaluru,20,Male
169,Customer_169,Mumbai,57,Female
170,Customer_170,Delhi,61,Male
171,Customer_171,Hyderabad,29,Other
172,Customer_172,Chennai,19,Male
173,Customer_173,Delhi,52,Other
174,Customer_174,Mumbai,43,Male
175,Customer_175,Pune,27,Female
176,Customer_176,Chennai,51,Other
177,Customer_177,Mumbai,24,Female
178,Customer_178,Hyderabad,62,Other
179,Customer_179,Hyderabad,53,Male
180,Customer_180,Hyderabad,53,Female
181,Customer_181,Hyderabad,26,Other
182,Customer_182,Mumbai,52,Female
183,Customer_183,Mumbai,56,Other
184,Customer_184,Chennai,49,Male
185,Customer_185,Bengaluru,30,Other
186,Customer_186,Mumbai,52,Male
187,Customer_187,Chennai,34,Male
188,Customer_188,Chennai,37,Male
189,Customer_189,Chennai,30,Other
190,Customer_190,Delhi,53,Male
191,Customer_191,Mumbai,36,Male
192,Customer_192,Kolkata,45,Female
193,Customer_193,Kolkata,36,Female
194,Customer_194,Kolkata,33,Male
195,Customer_195,Hyderabad,52,Male
196,Customer_196,Bengaluru,38,Male
197,Customer_197,Kolkata,33,Male
198,Customer_198,Kolkata,62,Male
199,Customer_199,Pune,56,Female
200,Customer_200,Kolkata,22,Other
201,Customer_201,Kolkata,46,Other
202,Customer_202,Delhi,35,Other
203,Customer_203,Bengaluru,26,Female
204,Customer_204,Pune,61,Male
205,Customer_205,Hyderabad,55,Other
206,Customer_206,Chennai,30,Female
207,Customer_207,Mumbai,44,Female
208,Customer_208,Pune,22,Male
209,Customer_209,Hyderabad,55,Other
210,Customer_210,Ahmedabad,62,Male
211,Customer_211,Chennai,34,Other
212,Customer_212,Kolkata,42,Male
213,Customer_213,Bengaluru,53,Female
214,Customer_214,Bengaluru,48,Other
215,Customer_215,Hyderabad,61,Female
216,Customer_216,Kolkata,44,Female
217,Customer_217,Pune,36,Other
218,Customer_218,Chennai,20,Male
219,Customer_219,Hyderabad,45,Female
220,Customer_220,Pune,37,Male
221,Customer_221,Kolkata,58,Other
222,Customer_222,Mumbai,20,Male
223,Customer_223,Bengaluru,42,Male
224,Customer_224,Chennai,23,Female
225,Customer_225,Bengaluru,62,Male
226,Customer_226,Hyderabad,64,Male
227,Customer_227,Ahmedabad,38,Other
228,Customer_228,Bengaluru,54,Other
229,Customer_229,Delhi,37,Male
230,Customer_230,Pune,64,Male
231,Customer_231,Mumbai,31,Other
232,Customer_232,Kolkata,18,Male
233,Customer_233,Chennai,20,Other
234,Customer_234,Mumbai,28,Female
235,Customer_235,Ahmedabad,33,Female
236,Customer_236,Bengaluru,41,Male
237,Customer_237,Ahmedabad,45,Female
238,Customer_238,Ahmedabad,45,Male
239,Customer_239,Mumbai,53,Other
240,Customer_240,Chennai,34,Male
241,Customer_241,Mumbai,37,Male
242,Customer_242,Bengaluru,46,Male
243,Customer_243,Chennai,52,Male
244,Customer_244,Chennai,35,Other
245,Customer_245,Ahmedabad,22,Other
246,Customer_246,Mumbai,19,Female
247,Customer_247,Ahmedabad,47,Female
248,Customer_248,Delhi,62,Male
249,Customer_249,Kolkata,50,Female
250,Customer_250,Mumbai,35,Other
251,Customer_251,Mumbai,28,Male
252,Customer_252,Pune,42,Female
253,Customer_253,Delhi,44,Male
254,Customer_254,Hyderabad,50,Female
255,Customer_255,Mumbai,52,Other
256,Customer_256,Mumbai,38,Other
257,Customer_257,Chennai,45,Male
258,Customer_258,Hyderabad,48,Male
259,Customer_259,Chennai,20,Male
260,Customer_260,Kolkata,54,Male
261,Customer_261,Hyderabad,27,Female
262,Customer_262,Delhi,34,Male
263,Customer_263,Chennai,26,Female
264,Customer_264,Mumbai,62,Male
265,Customer_265,Bengaluru,18,Male
266,Customer_266,Ahmedabad,49,Female
267,Customer_267,Bengaluru,48,Other
268,Customer_268,Pune,51,Female
269,Customer_269,Chennai,20,Other
270,Customer_270,Pune,29,Male
271,Customer_271,Chennai,61,Male
272,Customer_272,Chennai,47,Other
273,Customer_273,Mumbai,34,Other
274,Customer_274,Kolkata,40,Other
275,Customer_275,Hyderabad,38,Female
276,Customer_276,Pune,28,Other
277,Customer_277,Kolkata,55,Female
278,Customer_278,Chennai,51,Female
279,Customer_279,Chennai,32,Other
280,Customer_280,Delhi,51,Male
281,Customer_281,Chennai,50,Other
282,Customer_282,Bengaluru,47,Other
283,Customer_283,Pune,34,Male
284,Customer_284,Hyderabad,21,Female
285,Customer_285,Ahmedabad,34,Female
286,Customer_286,Mumbai,37,Male
287,Customer_287,Pune,23,Male
288,Customer_288,Pune,30,Female
289,Customer_289,Delhi,60,Other
290,Customer_290,Delhi,64,Male
291,Customer_291,Kolkata,33,Other
292,Customer_292,Delhi,33,Male
293,Customer_293,Delhi,49,Other
294,Customer_294,Delhi,46,Female
295,Customer_295,Hyderabad,36,Male
296,Customer_296,Hyderabad,35,Female
297,Customer_297,Hyderabad,39,Male
298,Customer_298,Chennai,18,Male
299,Customer_299,Mumbai,29,Female
300,Customer_300,Chennai,51,Male
301,Customer_301,Chennai,43,Male
302,Customer_302,Delhi,26,Female
303,Customer_303,Mumbai,64,Male
304,Customer_304,Chennai,64,Female
305,Customer_305,Delhi,34,Female
306,Customer_306,Bengaluru,18,Male
307,Customer_307,Delhi,32,Other
308,Customer_308,Kolkata,39,Female
309,Customer_309,Pune,45,Other
310,Customer_310,Chennai,41,Female
311,Customer_311,Hyderabad,43,Female
312,Customer_312,Delhi,24,Other
313,Customer_313,Kolkata,40,Female
314,Customer_314,Delhi,64,Male
315,Customer_315,Pune,55,Other
316,Customer_316,Delhi,32,Male
317,Customer_317,Kolkata,54,Female
318,Customer_318,Kolkata,34,Other
319,Customer_319,Chennai,43,Female
320,Customer_320,Bengaluru,42,Male
321,Customer_321,Hyderabad,37,Male
322,Customer_322,Bengaluru,27,Other
323,Customer_323,Mumbai,62,Female
324,Customer_324,Kolkata,53,Other
325,Customer_325,Chennai,51,Other
326,Customer_326,Ahmedabad,57,Male
327,Customer_327,Bengaluru,36,Female
328,Customer_328,Mumbai,54,Female
329,Customer_329,Bengaluru,43,Female
330,Customer_330,Delhi,62,Female
331,Customer_331,Hyderabad,50,Male
332,Customer_332,Chennai,38,Female
333,Customer_333,Chennai,21,Female
334,Customer_334,Delhi,47,Other
335,Customer_335,Ahmedabad,26,Other
336,Customer_336,Delhi,48,Male
337,Customer_337,Bengaluru,41,Other
338,Customer_338,Chennai,19,Other
339,Customer_339,Bengaluru,32,Female
340,Customer_340,Chennai,47,Female
341,Customer_341,Delhi,19,Other
342,Customer_342,Delhi,25,Female
343,Customer_343,Delhi,62,Male
344,Customer_344,Chennai,43,Female
345,Customer_345,Bengaluru,36,Male
346,Customer_346,Bengaluru,29,Other
347,Customer_347,Mumbai,43,Female
348,Customer_348,Ahmedabad,55,Male
349,Customer_349,Chennai,28,Other
350,Customer_350,Bengaluru,30,Other
351,Customer_351,Delhi,50,Female
352,Customer_352,Pune,27,Male
353,Customer_353,Kolkata,27,Female
354,Customer_354,Hyderabad,57,Female
355,Customer_355,Bengaluru,18,Other
356,Customer_356,Hyderabad,26,Male
357,Customer_357,Mumbai,28,Other
358,Customer_358,Ahmedabad,55,Other
359,Customer_359,Delhi,47,Other
360,Customer_360,Mumbai,22,Female
361,Customer_361,Bengaluru,61,Female
362,Customer_362,Chennai,28,Male
363,Customer_363,Pune,29,Other
364,Customer_364,Delhi,18,Female
365,Customer_365,Bengaluru,46,Other
366,Customer_366,Mumbai,54,Female
367,Customer_367,Bengaluru,47,Other
368,Customer_368,Hyderabad,54,Male
369,Customer_369,Delhi,31,Female
370,Customer_370,Chennai,21,Male
371,Customer_371,Hyderabad,59,Male
372,Customer_372,Pune,57,Other
373,Customer_373,Ahmedabad,31,Other
374,Customer_374,Hyderabad,55,Male
375,Customer_375,Kolkata,32,Male
376,Customer_376,Mumbai,34,Male
377,Customer_377,Kolkata,19,Female
378,Customer_378,Hyderabad,57,Other
379,Customer_379,Kolkata,23,Female
380,Customer_380,Delhi,24,Other
381,Customer_381,Ahmedabad,59,Other
382,Customer_382,Kolkata,46,Male
383,Customer_383,Bengaluru,47,Other
384,Customer_384,Delhi,53,Male
385,Customer_385,Chennai,50,Male
386,Customer_386,Hyderabad,44,Other
387,Customer_387,Mumbai,21,Female
388,Customer_388,Pune,27,Male
389,Customer_389,Delhi,27,Male
390,Customer_390,Chennai,55,Male
391,Customer_391,Kolkata,64,Male
392,Customer_392,Ahmedabad,32,Male
393,Customer_393,Ahmedabad,22,Male
394,Customer_394,Kolkata,21,Male
395,Customer_395,Pune,44,Other
396,Customer_396,Delhi,53,Female
397,Customer_397,Delhi,44,Male
398,Customer_398,Bengaluru,28,Female
399,Customer_399,Pune,57,Female
400,Customer_400,Chennai,25,Other
401,Customer_401,Kolkata,43,Female
402,Customer_402,Delhi,29,Female
403,Customer_403,Hyderabad,57,Female
404,Customer_404,Pune,42,Male
405,Customer_405,Kolkata,57,Other
406,Customer_406,Bengaluru,61,Male
407,Customer_407,Ahmedabad,54,Other
408,Customer_408,Pune,45,Other
409,Customer_409,Pune,26,Female
410,Customer_410,Delhi,46,Female
411,Customer_411,Ahmedabad,58,Female
412,Customer_412,Delhi,40,Male
413,Customer_413,Chennai,54,Male
414,Customer_414,Pune,63,Female
415,Customer_415,Kolkata,18,Other
416,Customer_416,Chennai,57,Other
417,Customer_417,Hyderabad,64,Male
418,Customer_418,Hyderabad,26,Female
419,Customer_419,Bengaluru,43,Male
420,Customer_420,Delhi,42,Female
421,Customer_421,Delhi,55,Female
422,Customer_422,Kolkata,35,Other
423,Customer_423,Pune,44,Male
424,Customer_424,Ahmedabad,60,Other
425,Customer_425,Bengaluru,41,Male
426,Customer_426,Kolkata,23,Male
427,Customer_427,Ahmedabad,50,Male
428,Customer_428,Hyderabad,60,Female
429,Customer_429,Pune,45,Female
430,Customer_430,Hyderabad,24,Male
431,Customer_431,Bengaluru,58,Male
432,Customer_432,Bengaluru,39,Other
433,Customer_433,Hyderabad,57,Male
434,Customer_434,Kolkata,18,Male
435,Customer_435,Chennai,40,Other
436,Customer_436,Delhi,36,Female
437,Customer_437,Ahmedabad,47,Male
438,Customer_438,Mumbai,62,Male
439,Customer_439,Chennai,33,Other
440,Customer_440,Pune,18,Female
441,Customer_441,Delhi,64,Female
442,Customer_442,Pune,45,Male
443,Customer_443,Pune,47,Female
444,Customer_444,Delhi,21,Male
445,Customer_445,Ahmedabad,46,Other
446,Customer_446,Kolkata,20,Female
447,Customer_447,Pune,36,Female
448,Customer_448,Pune,50,Other
449,Customer_449,Kolkata,45,Female
450,Customer_450,Kolkata,46,Male
451,Customer_451,Mumbai,20,Other
452,Customer_452,Delhi,25,Female
453,Customer_453,Mumbai,64,Male
454,Customer_454,Delhi,50,Other
455,Customer_455,Ahmedabad,51,Other
456,Customer_456,Ahmedabad,41,Female
457,Customer_457,Ahmedabad,63,Other
458,Customer_458,Ahmedabad,21,Male
459,Customer_459,Chennai,38,Female
460,Customer_460,Kolkata,35,Other
461,Customer_461,Pune,24,Male
462,Customer_462,Kolkata,38,Other
463,Customer_463,Ahmedabad,36,Male
464,Customer_464,Bengaluru,35,Female
465,Customer_465,Mumbai,64,Male
466,Customer_466,Bengaluru,28,Female
467,Customer_467,Kolkata,19,Other
468,Customer_468,Kolkata,29,Male
469,Customer_469,Hyderabad,55,Female
470,Customer_470,Mumbai,51,Male
471,Customer_471,Bengaluru,52,Female
472,Customer_472,Chennai,61,Male
473,Customer_473,Pune,47,Other
474,Customer_474,Chennai,40,Male
475,Customer_475,Pune,34,Female
476,Customer_476,Mumbai,57,Female
477,Customer_477,Hyderabad,42,Other
478,Customer_478,Mumbai,39,Other
479,Customer_479,Chennai,21,Female
480,Customer_480,Pune,46,Male
481,Customer_481,Pune,40,Male
482,Customer_482,Delhi,23,Female
483,Customer_483,Ahmedabad,38,Female
484,Customer_484,Bengaluru,58,Female
485,Customer_485,Pune,34,Male
486,Customer_486,Mumbai,55,Female
487,Customer_487,Bengaluru,40,Male
488,Customer_488,Pune,39,Male
489,Customer_489,Delhi,48,Female
490,Customer_490,Delhi,57,Female
491,Customer_491,Bengaluru,62,Male
492,Customer_492,Hyderabad,24,Female
493,Customer_493,Hyderabad,34,Female
494,Customer_494,Hyderabad,45,Female
495,Customer_495,Pune,63,Female
496,Customer_496,Bengaluru,60,Male
497,Customer_497,Delhi,53,Other
498,Customer_498,Pune,46,Male
499,Customer_499,Delhi,57,Other
500,Customer_500,Ahmedabad,53,Male
501,Customer_501,Delhi,56,Other
502,Customer_502,Chennai,51,Other
503,Customer_503,Kolkata,41,Female
504,Customer_504,Chennai,22,Male
505,Customer_505,Pune,53,Other
506,Customer_506,Bengaluru,36,Other
507,Customer_507,Bengaluru,60,Male
508,Customer_508,Chennai,62,Other
509,Customer_509,Pune,26,Female
510,Customer_510,Pune,26,Male
511,Customer_511,Ahmedabad,34,Male
512,Customer_512,Mumbai,60,Female
513,Customer_513,Mumbai,56,Other
514,Customer_514,Delhi,54,Other
515,Customer_515,Chennai,55,Female
516,Customer_516,Bengaluru,36,Male
517,Customer_517,Bengaluru,34,Female
518,Customer_518,Mumbai,64,Female
519,Customer_519,Ahmedabad,41,Other
520,Customer_520,Ahmedabad,48,Male
521,Customer_521,Mumbai,40,Male
522,Customer_522,Chennai,33,Female
523,Customer_523,Ahmedabad,42,Female
524,Customer_524,Mumbai,29,Other
525,Customer_525,Delhi,43,Male
526,Customer_526,Hyderabad,43,Other
527,Customer_527,Ahmedabad,27,Other
528,Customer_528,Mumbai,40,Female
529,Customer_529,Hyderabad,39,Female
530,Customer_530,Kolkata,31,Other
531,Customer_531,Hyderabad,24,Male
532,Customer_532,Delhi,25,Female
533,Customer_533,Delhi,40,Male
534,Customer_534,Pune,48,Female
535,Customer_535,Bengaluru,56,Other
536,Customer_536,Pune,59,Other
537,Customer_537,Mumbai,31,Other
538,Customer_538,Ahmedabad,52,Male
539,Customer_539,Pune,20,Male
540,Customer_540,Delhi,57,Female
541,Customer_541,Kolkata,40,Other
542,Customer_542,Kolkata,21,Male
543,Customer_543,Chennai,42,Male
544,Customer_544,Pune,50,Male
545,Customer_545,Pune,61,Female
546,Customer_546,Pune,52,Female
547,Customer_547,Pune,47,Other
548,Customer_548,Kolkata,30,Male
549,Customer_549,Pune,49,Other
550,Customer_550,Delhi,56,Female
551,Customer_551,Bengaluru,46,Female
552,Customer_552,Mumbai,46,Female
553,Customer_553,Hyderabad,61,Male
554,Customer_554,Ahmedabad,61,Other
555,Customer_555,Mumbai,27,Female
556,Customer_556,Mumbai,56,Male
557,Customer_557,Mumbai,47,Male
558,Customer_558,Delhi,62,Female
559,Customer_559,Ahmedabad,47,Female
560,Customer_560,Bengaluru,35,Female
561,Customer_561,Hyderabad,42,Male
562,Customer_562,Hyderabad,63,Other
563,Customer_563,Mumbai,32,Male
564,Customer_564,Mumbai,41,Other
565,Customer_565,Pune,54,Male
566,Customer_566,Hyderabad,60,Female
567,Customer_567,Kolkata,63,Other
568,Customer_568,Chennai,30,Female
569,Customer_569,Mumbai,24,Other
570,Customer_570,Ahmedabad,37,Male
571,Customer_571,Kolkata,62,Female
572,Customer_572,Pune,60,Female
573,Customer_573,Mumbai,43,Male
574,Customer_574,Mumbai,20,Female
575,Customer_575,Hyderabad,22,Female
576,Customer_576,Kolkata,40,Male
577,Customer_577,Mumbai,52,Female
578,Customer_578,Mumbai,59,Other
579,Customer_579,Pune,35,Female
580,Customer_580,Mumbai,41,Other
581,Customer_581,Ahmedabad,52,Female
582,Customer_582,Hyderabad,64,Male
583,Customer_583,Mumbai,21,Female
584,Customer_584,Hyderabad,51,Other
585,Customer_585,Mumbai,20,Other
586,Customer_586,Bengaluru,46,Male
587,Customer_587,Delhi,42,Female
588,Customer_588,Bengaluru,59,Male
589,Customer_589,Kolkata,57,Male
590,Customer_590,Hyderabad,28,Other
591,Customer_591,Pune,41,Other
592,Customer_592,Chennai,25,Other
593,Customer_593,Hyderabad,43,Female
594,Customer_594,Chennai,54,Male
595,Customer_595,Bengaluru,22,Male
596,Customer_596,Mumbai,57,Male
597,Customer_597,Ahmedabad,46,Other
598,Customer_598,Pune,20,Female
599,Customer_599,Ahmedabad,44,Male
600,Customer_600,Hyderabad,50,Female
601,Customer_601,Ahmedabad,36,Male
602,Customer_602,Delhi,58,Male
603,Customer_603,Delhi,62,Male
604,Customer_604,Hyderabad,59,Other
605,Customer_605,Delhi,55,Other
606,Customer_606,Hyderabad,60,Male
607,Customer_607,Pune,48,Other
608,Customer_608,Pune,27,Other
609,Customer_609,Hyderabad,47,Other
610,Customer_610,Kolkata,35,Female
611,Customer_611,Chennai,30,Male
612,Customer_612,Bengaluru,56,Female
613,Customer_613,Ahmedabad,30,Female
614,Customer_614,Delhi,58,Male
615,Customer_615,Ahmedabad,48,Female
616,Customer_616,Bengaluru,41,Male
617,Customer_617,Delhi,23,Other
618,Customer_618,Chennai,24,Female
619,Customer_619,Mumbai,49,Female
620,Customer_620,Kolkata,45,Other
621,Customer_621,Chennai,54,Male
622,Customer_622,Chennai,21,Female
623,Customer_623,Bengaluru,44,Male
624,Customer_624,Bengaluru,39,Male
625,Customer_625,Pune,18,Female
626,Customer_626,Pune,35,Female
627,Customer_627,Chennai,64,Male
628,Customer_628,Bengaluru,53,Other
629,Customer_629,Delhi,29,Other
630,Customer_630,Hyderabad,28,Male
631,Customer_631,Chennai,64,Other
632,Customer_632,Ahmedabad,28,Female
633,Customer_633,Kolkata,43,Female
634,Customer_634,Chennai,51,Male
635,Customer_635,Bengaluru,34,Other
636,Customer_636,Hyderabad,58,Other
637,Customer_637,Kolkata,46,Male
638,Customer_638,Delhi,49,Female
639,Customer_639,Kolkata,31,Female
640,Customer_640,Delhi,44,Other
641,Customer_641,Mumbai,61,Male
642,Customer_642,Hyderabad,64,Male
643,Customer_643,Delhi,37,Female
644,Customer_644,Delhi,22,Other
645,Customer_645,Delhi,18,Female
646,Customer_646,Bengaluru,55,Other
647,Customer_647,Pune,52,Male
648,Customer_648,Mumbai,41,Female
649,Customer_649,Kolkata,61,Other
650,Customer_650,Ahmedabad,63,Male
651,Customer_651,Mumbai,46,Male
652,Customer_652,Ahmedabad,32,Other
653,Customer_653,Chennai,24,Other
654,Customer_654,Hyderabad,61,Male
655,Customer_655,Ahmedabad,20,Female
656,Customer_656,Kolkata,42,Female
657,Customer_657,Chennai,24,Male
658,Customer_658,Chennai,61,Male
659,Customer_659,Chennai,39,Female
660,Customer_660,Hyderabad,19,Other
661,Customer_661,Ahmedabad,30,Male
662,Customer_662,Ahmedabad,38,Female
663,Customer_663,Chennai,35,Female
664,Customer_664,Kolkata,48,Female
665,Customer_665,Ahmedabad,28,Male
666,Customer_666,Mumbai,50,Female
667,Customer_667,Mumbai,25,Other
668,Customer_668,Chennai,41,Male
669,Customer_669,Mumbai,29,Male
670,Customer_670,Chennai,49,Other
671,Customer_671,Ahmedabad,39,Male
672,Customer_672,Pune,57,Female
673,Customer_673,Bengaluru,50,Female
674,Customer_674,Mumbai,50,Male
675,Customer_675,Hyderabad,47,Male
676,Customer_676,Hyderabad,43,Female
677,Customer_677,Kolkata,19,Female
678,Customer_678,Kolkata,43,Female
679,Customer_679,Pune,32,Female
680,Customer_680,Pune,61,Male
681,Customer_681,Ahmedabad,28,Male
682,Customer_682,Delhi,23,Male
683,Customer_683,Chennai,26,Other
684,Customer_684,Kolkata,49,Male
685,Customer_685,Pune,29,Female
686,Customer_686,Bengaluru,37,Female
687,Customer_687,Kolkata,24,Other
688,Customer_688,Bengaluru,33,Female
689,Customer_689,Pune,39,Female
690,Customer_690,Kolkata,20,Other
691,Customer_691,Mumbai,59,Female
692,Customer_692,Delhi,35,Female
693,Customer_693,Bengaluru,40,Male
694,Customer_694,Mumbai,62,Other
695,Customer_695,Pune,36,Other
696,Customer_696,Chennai,53,Male
697,Customer_697,Ahmedabad,46,Other
698,Customer_698,Hyderabad,49,Other
699,Customer_699,Bengaluru,35,Female
700,Customer_700,Pune,36,Female
701,Customer_701,Hyderabad,49,Male
702,Customer_702,Delhi,20,Female
703,Customer_703,Delhi,52,Male
704,Customer_704,Hyderabad,32,Male
705,Customer_705,Kolkata,29,Male
706,Customer_706,Chennai,38,Other
707,Customer_707,Pune,41,Male
708,Customer_708,Bengaluru,45,Female
709,Customer_709,Bengaluru,41,Female
710,Customer_710,Mumbai,49,Male
711,Customer_711,Bengaluru,51,Female
712,Customer_712,Kolkata,51,Female
713,Customer_713,Kolkata,59,Other
714,Customer_714,Delhi,29,Other
715,Customer_715,Hyderabad,35,Male
716,Customer_716,Kolkata,50,Other
717,Customer_717,Pune,25,Female
718,Customer_718,Kolkata,59,Female
719,Customer_719,Chennai,19,Other
720,Customer_720,Hyderabad,22,Female
721,Customer_721,Hyderabad,58,Female
722,Customer_722,Chennai,64,Female
723,Customer_723,Ahmedabad,56,Male
724,Customer_724,Bengaluru,19,Other
725,Customer_725,Chennai,34,Other
726,Customer_726,Mumbai,45,Female
727,Customer_727,Delhi,54,Male
728,Customer_728,Kolkata,18,Male
729,Customer_729,Kolkata,64,Other
730,Customer_730,Delhi,27,Other
731,Customer_731,Chennai,31,Female
732,Customer_732,Hyderabad,27,Female
733,Customer_733,Mumbai,18,Male
734,Customer_734,Bengaluru,25,Other
735,Customer_735,Bengaluru,18,Male
736,Customer_736,Ahmedabad,37,Male
737,Customer_737,Delhi,54,Other
738,Customer_738,Hyderabad,29,Male
739,Customer_739,Mumbai,61,Other
740,Customer_740,Kolkata,23,Other
741,Customer_741,Hyderabad,37,Female
742,Customer_742,Chennai,19,Male
743,Customer_743,Kolkata,54,Female
744,Customer_744,Hyderabad,18,Other
745,Customer_745,Delhi,23,Male
746,Customer_746,Hyderabad,22,Male
747,Customer_747,Mumbai,31,Female
748,Customer_748,Bengaluru,41,Other
749,Customer_749,Delhi,51,Male
750,Customer_750,Pune,46,Male
751,Customer_751,Kolkata,48,Other
752,Customer_752,Delhi,40,Female
753,Customer_753,Bengaluru,40,Female
754,Customer_754,Hyderabad,33,Female
755,Customer_755,Pune,25,Female
756,Customer_756,Hyderabad,18,Other
757,Customer_757,Ahmedabad,46,Female
758,Customer_758,Hyderabad,64,Female
759,Customer_759,Kolkata,51,Male
760,Customer_760,Kolkata,43,Other
761,Customer_761,Pune,47,Female
762,Customer_762,Pune,34,Female
763,Customer_763,Ahmedabad,64,Male
764,Customer_764,Bengaluru,44,Male
765,Customer_765,Chennai,21,Male
766,Customer_766,Mumbai,36,Other
767,Customer_767,Ahmedabad,31,Male
768,Customer_768,Ahmedabad,22,Male
769,Customer_769,Pune,45,Female
770,Customer_770,Pune,23,Other
771,Customer_771,Mumbai,50,Male
772,Customer_772,Mumbai,30,Male
773,Customer_773,Hyderabad,30,Other
774,Customer_774,Mumbai,28,Female
775,Customer_775,Hyderabad,55,Female
776,Customer_776,Bengaluru,55,Other
777,Customer_777,Chennai,51,Female
778,Customer_778,Hyderabad,58,Other
779,Customer_779,Delhi,62,Other
780,Customer_780,Mumbai,41,Female
781,Customer_781,Chennai,24,Male
782,Customer_782,Hyderabad,32,Male
783,Customer_783,Bengaluru,24,Other
784,Customer_784,Hyderabad,36,Male
785,Customer_785,Mumbai,50,Male
786,Customer_786,Ahmedabad,52,Female
787,Customer_787,Pune,28,Other
788,Customer_788,Ahmedabad,63,Female
789,Customer_789,Pune,19,Female
790,Customer_790,Mumbai,20,Male
791,Customer_791,Pune,25,Female
792,Customer_792,Chennai,45,Male
793,Customer_793,Hyderabad,43,Male
794,Customer_794,Bengaluru,22,Female
795,Customer_795,Ahmedabad,54,Other
796,Customer_796,Bengaluru,53,Other
797,Customer_797,Delhi,40,Female
798,Customer_798,Chennai,61,Other
799,Customer_799,Delhi,62,Male
800,Customer_800,Kolkata,60,Other
